"Cc","Acc0","Ajc0"
281.762205489434,-6.85789719208742,-21.25
